MPN,Product URL,Accessory URL
OP-DS2018R,https://www.leapers.com/products-op-ds2018r.html,https://www.leapers.com/products-utg-op-rdm20cts.html
OP-DS2018R,https://www.leapers.com/products-op-ds2018r.html,https://www.leapers.com/products-utg-op-rdm20r.html
OP-DS2018R,https://www.leapers.com/products-op-ds2018r.html,https://www.leapers.com/products-utg-op-ds2521r.html
TL-BPM01-B,https://www.leapers.com/products-utg-tl-bpm01-b.html,https://www.leapers.com/products-utg-tl-bp03-b.html
TL-BPM01-B,https://www.leapers.com/products-utg-tl-bpm01-b.html,https://www.leapers.com/products-utg-tl-bp02-b.html
TL-BPM01-B,https://www.leapers.com/products-utg-tl-bpm01-b.html,https://www.leapers.com/products-utg-tl-bpm02-b.html
TL-BPM01-B,https://www.leapers.com/products-utg-tl-bpm01-b.html,https://www.leapers.com/products-utg-tl-bp01-b.html
TL-BPM01-B,https://www.leapers.com/products-utg-tl-bpm01-b.html,https://www.leapers.com/products-utg-tl-bpm03-b.html
TL-BPM01-B,https://www.leapers.com/products-utg-tl-bpm01-b.html,https://www.leapers.com/products-utg-tl-bpad1.html
TL-BPM01-B,https://www.leapers.com/products-utg-tl-bpm01-b.html,https://www.leapers.com/products-utg-tl-bp78.html
TL-BPM01-B,https://www.leapers.com/products-utg-tl-bpm01-b.html,https://www.leapers.com/products-utg-tl-bp88q.html
TL-BPM01-B,https://www.leapers.com/products-utg-tl-bpm01-b.html,https://www.leapers.com/products-utg-tl-bpad2.html
TL-BPM01-B,https://www.leapers.com/products-utg-tl-bpm01-b.html,https://www.leapers.com/products-utg-tl-bp69s.html
TL-BPM01-B,https://www.leapers.com/products-utg-tl-bpm01-b.html,https://www.leapers.com/products-utg-tl-bp88.html
TL-BPM01-B,https://www.leapers.com/products-utg-tl-bpm01-b.html,https://www.leapers.com/products-utg-tl-bp28s.html
TL-BPM01-B,https://www.leapers.com/products-utg-tl-bpm01-b.html,https://www.leapers.com/products-utg-tl-bp08s-a.html
TL-BPAD2,https://www.leapers.com/products-utg-tl-bpad2.html,https://www.leapers.com/products-utg-tl-bpob01-a.html
TL-BPAD2,https://www.leapers.com/products-utg-tl-bpad2.html,https://www.leapers.com/products-utg-tl-bp88.html
TL-BPAD2,https://www.leapers.com/products-utg-tl-bpad2.html,https://www.leapers.com/product-utg-tl-bp98q.html
TL-BPAD2,https://www.leapers.com/products-utg-tl-bpad2.html,https://www.leapers.com/products-utg-tl-bp88q.html
TL-BPAD2,https://www.leapers.com/products-utg-tl-bpad2.html,https://www.leapers.com/products-utg-tl-bp78.html
TL-BPAD2,https://www.leapers.com/products-utg-tl-bpad2.html,https://www.leapers.com/products-utg-tl-bp08s-a.html
TL-BPAD2,https://www.leapers.com/products-utg-tl-bpad2.html,https://www.leapers.com/products-utg-tl-bp28s.html
TL-BPAD2,https://www.leapers.com/products-utg-tl-bpad2.html,https://www.leapers.com/products-utg-tl-bpad1.html
TL-BPAD2,https://www.leapers.com/products-utg-tl-bpad2.html,https://www.leapers.com/products-utg-tl-bp69s.html
TLUMA02,https://www.leapers.com/products-utgpro-tluma02.html,https://www.leapers.com/products-utgpro-tluma03.html
TLUMA02,https://www.leapers.com/products-utgpro-tluma02.html,https://www.leapers.com/products-utgpro-tluma04.html
TLUMA02,https://www.leapers.com/products-utgpro-tluma02.html,https://www.leapers.com/products-utgpro-tluma01.html
TLUMA01,https://www.leapers.com/products-utgpro-tluma01.html,https://www.leapers.com/products-utgpro-tluma04.html
TLUMA01,https://www.leapers.com/products-utgpro-tluma01.html,https://www.leapers.com/products-utgpro-tluma03.html
TLUMA01,https://www.leapers.com/products-utgpro-tluma01.html,https://www.leapers.com/products-utgpro-tluma02.html
TLUMA03,https://www.leapers.com/products-utgpro-tluma03.html,https://www.leapers.com/products-utgpro-tluma02.html
TLUMA03,https://www.leapers.com/products-utgpro-tluma03.html,https://www.leapers.com/products-utgpro-tluma01.html
TLUMA03,https://www.leapers.com/products-utgpro-tluma03.html,https://www.leapers.com/products-utgpro-tluma04.html
TLUMA04,https://www.leapers.com/products-utgpro-tluma04.html,https://www.leapers.com/products-utgpro-tluma02.html
TLUMA04,https://www.leapers.com/products-utgpro-tluma04.html,https://www.leapers.com/products-utgpro-tluma01.html
TLUMA04,https://www.leapers.com/products-utgpro-tluma04.html,https://www.leapers.com/products-utgpro-tluma03.html
RBU47FS01,https://www.leapers.com/products-utgpro-rbu47fs01.html,https://www.leapers.com/products-utgpro-rbu47fs02.html
AIR340MOA,https://www.leapers.com/products-utg-air340moa.html,https://www.leapers.com/products-utg-air330moa.html
AIR340MOA,https://www.leapers.com/products-utg-air340moa.html,https://www.leapers.com/products-utg-air420moa.html
AIR340MOA,https://www.leapers.com/products-utg-air340moa.html,https://www.leapers.com/products-utg-air320moa.html
AIR340MOA,https://www.leapers.com/products-utg-air340moa.html,https://www.leapers.com/products-utg-air440moa.html
AIR340MOA,https://www.leapers.com/products-utg-air340moa.html,https://www.leapers.com/products-utg-air430moa.html
AIR330MOA,https://www.leapers.com/products-utg-air330moa.html,https://www.leapers.com/products-utg-air320moa.html
AIR330MOA,https://www.leapers.com/products-utg-air330moa.html,https://www.leapers.com/products-utg-air420moa.html
AIR330MOA,https://www.leapers.com/products-utg-air330moa.html,https://www.leapers.com/products-utg-air430moa.html
AIR330MOA,https://www.leapers.com/products-utg-air330moa.html,https://www.leapers.com/products-utg-air440moa.html
AIR330MOA,https://www.leapers.com/products-utg-air330moa.html,https://www.leapers.com/products-utg-air340moa.html
AIR420MOA,https://www.leapers.com/products-utg-air420moa.html,https://www.leapers.com/products-utg-air430moa.html
AIR420MOA,https://www.leapers.com/products-utg-air420moa.html,https://www.leapers.com/products-utg-air340moa.html
AIR420MOA,https://www.leapers.com/products-utg-air420moa.html,https://www.leapers.com/products-utg-air320moa.html
AIR420MOA,https://www.leapers.com/products-utg-air420moa.html,https://www.leapers.com/products-utg-air440moa.html
AIR420MOA,https://www.leapers.com/products-utg-air420moa.html,https://www.leapers.com/products-utg-air330moa.html
AIR320MOA,https://www.leapers.com/products-utg-air320moa.html,https://www.leapers.com/products-utg-air330moa.html
AIR320MOA,https://www.leapers.com/products-utg-air320moa.html,https://www.leapers.com/products-utg-air440moa.html
AIR320MOA,https://www.leapers.com/products-utg-air320moa.html,https://www.leapers.com/products-utg-air430moa.html
AIR320MOA,https://www.leapers.com/products-utg-air320moa.html,https://www.leapers.com/products-utg-air340moa.html
AIR320MOA,https://www.leapers.com/products-utg-air320moa.html,https://www.leapers.com/products-utg-air420moa.html
AIR320MOA,https://www.leapers.com/products-utg-air320moa.html,https://www.leapers.com/products-utg-mt-rtr4.html
AIR320MOA,https://www.leapers.com/products-utg-air320moa.html,https://www.leapers.com/products-utg-rdm-20xsd.html
AIR320MOA,https://www.leapers.com/products-utg-air320moa.html,https://www.leapers.com/products-utg-mt-rtr1.html
AIR320MOA,https://www.leapers.com/products-utg-air320moa.html,https://www.leapers.com/products-utg-mt-rtr3.html
AIR320MOA,https://www.leapers.com/products-utg-air320moa.html,https://www.leapers.com/products-utg-rdm-20ac.html
AIR320MOA,https://www.leapers.com/products-utg-air320moa.html,https://www.leapers.com/products-utg-mt-rmrgl.html
AIR320MOA,https://www.leapers.com/products-utg-air320moa.html,https://www.leapers.com/products-utg-rg-mf30qs.html
AIR320MOA,https://www.leapers.com/products-utg-air320moa.html,https://www.leapers.com/products-utg-mnt-rs08s3.html
AIR440MOA,https://www.leapers.com/products-utg-air440moa.html,https://www.leapers.com/products-utg-air340moa.html
AIR440MOA,https://www.leapers.com/products-utg-air440moa.html,https://www.leapers.com/products-utg-air430moa.html
AIR440MOA,https://www.leapers.com/products-utg-air440moa.html,https://www.leapers.com/products-utg-air420moa.html
AIR440MOA,https://www.leapers.com/products-utg-air440moa.html,https://www.leapers.com/products-utg-air320moa.html
AIR440MOA,https://www.leapers.com/products-utg-air440moa.html,https://www.leapers.com/products-utg-air330moa.html
AIR430MOA,https://www.leapers.com/products-utg-air430moa.html,https://www.leapers.com/products-utg-air320moa.html
AIR430MOA,https://www.leapers.com/products-utg-air430moa.html,https://www.leapers.com/products-utg-air340moa.html
AIR430MOA,https://www.leapers.com/products-utg-air430moa.html,https://www.leapers.com/products-utg-air440moa.html
AIR430MOA,https://www.leapers.com/products-utg-air430moa.html,https://www.leapers.com/products-utg-air420moa.html
AIR430MOA,https://www.leapers.com/products-utg-air430moa.html,https://www.leapers.com/products-utg-air330moa.html
MTU056,https://www.leapers.com/products-utgpro-mtu056.html,https://www.leapers.com/products-utgpro-mtu055ssme.html
MTU056,https://www.leapers.com/products-utgpro-mtu056.html,https://www.leapers.com/products-utgpro-mtu055ssm.html
MTU056,https://www.leapers.com/products-utgpro-mtu056.html,https://www.leapers.com/products-utgpro-mtu055ssmk.html
MTU056,https://www.leapers.com/products-utgpro-mtu056.html,https://www.leapers.com/products-utgpro-mtu058ssm.html
MTU058SSM,https://www.leapers.com/products-utgpro-mtu058ssm.html,https://www.leapers.com/products-utgpro-mtu055ssmk.html
MTU058SSM,https://www.leapers.com/products-utgpro-mtu058ssm.html,https://www.leapers.com/products-utgpro-mtu055ssm.html
MTU058SSM,https://www.leapers.com/products-utgpro-mtu058ssm.html,https://www.leapers.com/products-utgpro-mtu055ssme.html
MTU058SSM,https://www.leapers.com/products-utgpro-mtu058ssm.html,https://www.leapers.com/products-utgpro-mtu056.html
MTU055SSME,https://www.leapers.com/products-utgpro-mtu055ssme.html,https://www.leapers.com/products-utgpro-mtu055ssm.html
MTU055SSME,https://www.leapers.com/products-utgpro-mtu055ssme.html,https://www.leapers.com/products-utgpro-chmp5e.html
MTU055SSME,https://www.leapers.com/products-utgpro-mtu055ssme.html,https://www.leapers.com/products-utgpro-mtu055msdf.html
MTU055SSME,https://www.leapers.com/products-utgpro-mtu055ssme.html,https://www.leapers.com/products-utgpro-mtu055ssmsd.html
MTU055SSME,https://www.leapers.com/products-utgpro-mtu055ssme.html,https://www.leapers.com/products-utgpro-mtu058ssm.html
MTU055SSME,https://www.leapers.com/products-utgpro-mtu055ssme.html,https://www.leapers.com/products-utgpro-mtu056.html
TL-BPFS03Q,https://www.leapers.com/products-utg-tl-bpfs03q.html,https://www.leapers.com/products-utg-tl-bpfs02q.html
TL-BPFS03Q,https://www.leapers.com/products-utg-tl-bpfs03q.html,https://www.leapers.com/products-utg-tl-bpob01-a.html
TL-BPFS03Q,https://www.leapers.com/products-utg-tl-bpfs03q.html,https://www.leapers.com/products-utg-tl-bpfs01-a.html
TL-BPFS03Q,https://www.leapers.com/products-utg-tl-bpfs03q.html,https://www.leapers.com/products-utg-tl-bpad1.html
TL-BPFS03Q,https://www.leapers.com/products-utg-tl-bpfs03q.html,https://www.leapers.com/products-utg-tl-bp08s-a.html
TL-BPFS03Q,https://www.leapers.com/products-utg-tl-bpfs03q.html,https://www.leapers.com/products-utg-tl-bp78.html
TL-BPFS03Q,https://www.leapers.com/products-utg-tl-bpfs03q.html,https://www.leapers.com/products-utg-tl-bp88q.html
TL-BPFS03Q,https://www.leapers.com/products-utg-tl-bpfs03q.html,https://www.leapers.com/products-utg-tl-bpad2.html
TL-BPFS03Q,https://www.leapers.com/products-utg-tl-bpfs03q.html,https://www.leapers.com/products-utg-tl-bp69s.html
TL-BPFS03Q,https://www.leapers.com/products-utg-tl-bpfs03q.html,https://www.leapers.com/products-utg-tl-bp88.html
TL-BPFS03Q,https://www.leapers.com/products-utg-tl-bpfs03q.html,https://www.leapers.com/products-utg-tl-bp28s.html
TL-BPFS02Q,https://www.leapers.com/products-utg-tl-bpfs02q.html,https://www.leapers.com/products-utg-tl-bpob01-a.html
TL-BPFS02Q,https://www.leapers.com/products-utg-tl-bpfs02q.html,https://www.leapers.com/products-utg-tl-bpfs01-a.html
TL-BPFS02Q,https://www.leapers.com/products-utg-tl-bpfs02q.html,https://www.leapers.com/products-utg-tl-bpfs03q.html
TL-BPFS02Q,https://www.leapers.com/products-utg-tl-bpfs02q.html,https://www.leapers.com/products-utg-tl-bp28s.html
TL-BPFS02Q,https://www.leapers.com/products-utg-tl-bpfs02q.html,https://www.leapers.com/products-utg-tl-bp78.html
TL-BPFS02Q,https://www.leapers.com/products-utg-tl-bpfs02q.html,https://www.leapers.com/products-utg-tl-bp69s.html
TL-BPFS02Q,https://www.leapers.com/products-utg-tl-bpfs02q.html,https://www.leapers.com/products-utg-tl-bpad2.html
TL-BPFS02Q,https://www.leapers.com/products-utg-tl-bpfs02q.html,https://www.leapers.com/products-utg-tl-bp88.html
TL-BPFS02Q,https://www.leapers.com/products-utg-tl-bpfs02q.html,https://www.leapers.com/products-utg-tl-bp88q.html
TL-BPFS02Q,https://www.leapers.com/products-utg-tl-bpfs02q.html,https://www.leapers.com/products-utg-tl-bp08s-a.html
TL-BPFS02Q,https://www.leapers.com/products-utg-tl-bpfs02q.html,https://www.leapers.com/products-utg-tl-bpad1.html
RWU013408,https://www.leapers.com/products-utgpro-rwu013408.html,https://www.leapers.com/products-utgpro-rwu013415.html
RWU013408,https://www.leapers.com/products-utgpro-rwu013408.html,https://www.leapers.com/products-utgpro-rwu012510.html
RWU013408,https://www.leapers.com/products-utgpro-rwu013408.html,https://www.leapers.com/products-utgpro-rwu013420.html
RWU013408,https://www.leapers.com/products-utgpro-rwu013408.html,https://www.leapers.com/products-utgpro-rwu012520.html
RWU013408,https://www.leapers.com/products-utgpro-rwu013408.html,https://www.leapers.com/products-utgpro-rwu013022.html
RWU013408,https://www.leapers.com/products-utgpro-rwu013408.html,https://www.leapers.com/products-utgpro-rwu013010.html
RWU013408,https://www.leapers.com/products-utgpro-rwu013408.html,https://www.leapers.com/products-utgpro-rwu013015.html
RWU013408,https://www.leapers.com/products-utgpro-rwu013408.html,https://www.leapers.com/products-utgpro-rwu012515.html
RBU47FS02,https://www.leapers.com/products-utgpro-rbu47fs02.html,https://www.leapers.com/products-utgpro-rbu47fs01.html